Point,x,y,class
1,1.4100255158327535,0.2424133144135071,A
2,1.847524199064905,1.5196380857368368,A
3,2.650795460423579,4.060794532364352,A
4,3.6515080212879014,4.33806594629825,B
5,0.14854746872659086,2.822938836813001,A
6,4.139649237115427,4.609261504056415,B
7,3.0374566291477305,2.6761306335601804,A
8,1.18165826395903,0.3091538378026326,B
9,0.3116150649538968,1.3875252329141108,B
10,4.951545844176423,4.507764253148149,B
11,4.4163379733222206,3.1200393085894387,B
12,2.099662342252448,2.8823777151574204,A
13,1.0091781256327286,1.393883816607796,A
14,3.7857706899837003,2.24068760303638,A
15,0.08937873540395269,3.9057571801119604,A
16,0.18980060850098734,1.6246839809252056,B
17,2.1946494134486842,1.6411514179379494,A
18,0.8440264920390633,2.7396234514319486,B
19,0.8641259223871767,0.8059130947147725,B
20,4.518620767204939,4.163937532524418,A
21,1.3390140179898646,2.881223201974092,B
22,1.3307516872770153,1.7810799357252853,B
23,4.825981718041871,2.9947889768267104,B
24,0.9603433935204397,0.2717164271635214,A
25,4.416701027902146,3.222480441357786,A
26,0.3530599371253501,3.1198779617410906,A
27,3.421448951968352,1.0631131089933044,B
28,1.482473974267774,4.360349365924841,B
29,4.374887827526159,1.6110760314146293,B
30,4.107483740387444,4.445582523434069,B
31,3.7638846171061795,4.96055793789943,B
32,3.9607050335957794,2.1642276580980884,B
33,4.979024475820385,2.7259838331813677,A
34,2.2184509654426305,3.9411451091954977,A
35,1.623850540328623,4.016549908396894,A
36,0.5661505775026332,3.915788505680374,B
37,1.4128309729682786,3.486298158885019,A
38,0.8491942158796223,1.4882240753051712,B
39,4.686004018485324,2.4646251240332093,B
40,2.0492379909961658,3.5097998374097648,A
41,1.5882724921938047,3.0940134235445655,A
42,1.3939990391086499,1.0006894905438402,A
43,4.483219636667409,4.9667749037286315,A
44,2.6947657813082553,3.727863743419413,B
45,2.082794620043736,0.42760838376533494,B
46,3.4192048194404663,2.5552208695305687,A
47,4.993625116962384,1.6052346837431837,B
48,4.078591074932873,0.676334195385952,B
49,0.845755937334724,2.971378084734586,B
50,2.2527565808683563,3.241064522311801,A
51,1.2392701557116652,1.4828902898601544,B
52,0.7693497966699664,4.253373504261068,A
53,0.6607243131389673,0.18564961892602594,B
54,2.65212781841953,4.627772283112933,A
55,2.5176888145797167,3.715210100684317,A
56,1.030209339124838,4.3117231182361175,B
57,1.901382883382211,1.5608022695309853,B
58,3.0240512316251222,4.257481350041318,B
59,3.5657367814798793,0.5428204906356404,B
60,3.9768966299648594,0.9196213884504273,A
61,1.9651892897181105,2.9301322525614126,A
62,3.5691492394193762,4.463759155304692,A
63,0.4728371420911154,0.8621484048421402,A
64,2.302602770009488,0.8164839236855803,B
65,2.7932912314701723,1.1200072881689587,B
66,4.410951862094007,3.0769577783803643,A
67,3.686066938066524,1.7775439942227467,A
68,4.207458013181736,4.8944036086504425,B
69,0.7639478406767186,0.5090727388213467,B
70,3.091208849808977,2.006834688534898,B
71,3.4139820877388,1.924488350348628,B
72,2.697255792820565,1.9885152785248172,A
73,4.039574872021908,3.381183290518872,B
74,0.17404187971459317,4.968141303080651,B
75,4.251518477688954,0.35303504877687464,B
76,0.2258724562368586,2.9825655935432516,A
77,1.2421404104971172,1.0391448068797449,A
78,0.0048354162890379415,4.937050391824661,A
79,4.547881553522262,2.096666365381019,B
80,4.304581937771682,3.2982302225158513,B
81,3.1621137906713774,1.6343869133767452,A
82,4.928278541590358,4.694200361281521,A
83,2.149559929067006,3.816022792575135,B
84,0.41799135516286556,2.309130247698532,B
85,0.5542299839552173,2.6808676671742946,B
86,2.2067142263418345,1.0956251784123439,A
87,3.8401006757347256,4.596356016723109,A
88,4.063596355018848,0.007383176625744836,B
89,4.940856132965801,3.3642465027527897,B
90,0.2592509483367761,1.9491658901824205,B
91,1.4117323855158515,3.1380466178548394,B
92,2.398590116424644,0.2910747742888098,A
93,3.828881344915355,0.5404341626264558,A
94,3.960114017394986,3.5655926657136328,B
95,1.3040341473406198,1.3005126990865634,B
96,2.4161844083329083,1.3644678609964949,B
97,2.548664700973281,3.155304629623207,B
98,4.4900803771352455,0.4239069503690812,A
99,1.496513983798694,0.2415881199423181,A
100,3.892142657952518,2.14308886337667,B
101,0.8130597829037656,0.16252456676138338,A
102,2.007639535788488,3.9938730824024193,B
103,4.539173021153377,4.838756473754041,A
104,1.259957842263425,4.6221881240259215,A
105,2.954903048425056,0.532232720123883,B
106,2.208876929858457,2.2786858192459714,B
107,3.4238067508146575,3.6866393025350135,B
108,4.374703603706282,1.8817481925879742,B
109,3.464818587939058,3.217232662836231,A
110,1.6035310779081413,1.9303947866761266,A
111,1.279000446342854,0.5880922862480031,A
112,4.552942069362337,4.883956277093514,A
113,1.0341273358889747,4.567892062232055,B
114,1.545354993895266,4.414286090923337,A
115,1.9201036414161121,3.7889372751833674,A
116,2.9984949486177688,3.270386191301835,B
117,3.817065989902177,4.635093971991258,B
118,2.942504935593515,1.9158946430833412,A
119,2.606922174205393,4.246604730748954,B
120,2.3119635233322193,1.0358821406453638,A
121,1.747153825394907,2.8820322342485443,B
122,0.4700648710692401,0.6792007115075538,A
123,3.2857587227003107,2.91987999363375,B
124,1.5172192424768722,0.8525247393699215,B
125,1.253485758583874,0.010507460482291342,A
126,4.54684828794274,0.6004267295052851,A
127,0.3306066878154601,4.334843273991277,A
128,3.089016194375999,0.1307254692040416,A
129,1.9068158000633195,4.608855769739775,B
130,1.3311425078653782,0.8936376331661827,A
131,3.718543423487644,3.045054295753877,A
132,0.21692914804021524,0.9110934840871748,A
133,4.517195386492579,0.33960305084788756,A
134,4.221983285155302,1.85244197646038,A
135,1.292954171951396,4.806244226162357,A
136,4.667589981455969,2.6196461897120225,A
137,4.566375182458237,2.9316778224017477,A
138,4.304302790775766,3.5044385287257267,A
139,2.945849858406194,0.7734115746565234,B
140,0.20448978198619294,3.6053495040352237,A
141,4.155567932175892,1.0113444480242162,A
142,2.1070503768745747,0.7756667294407882,A
143,4.46220622836131,2.1925003833985173,B
144,0.3395383898356824,0.06501506628237397,A
145,4.035098543493113,4.860346642735431,A
146,1.7648742362422793,2.456125993634313,A
147,1.9448711629742055,0.9481274498496872,A
148,0.04568464347172785,3.818092172481371,B
149,4.019677065951319,2.469142187168376,A
150,2.6028909812503267,1.3645632363771982,B
151,0.0139678504820695,2.709990731724901,A
152,0.050276257296275606,2.832592480499485,B
153,4.911969798875399,1.0693191741852048,B
154,4.782289762214954,0.881500071451648,A
155,4.228110530571699,2.698432191089056,A
156,1.1812770740503287,1.1947800098329093,A
157,2.6648372234828406,2.5819644119570535,A
158,1.1804613051141921,0.9619072216535318,A
159,4.945382606080758,4.179802513519627,A
160,2.015677501985676,1.3833344579359959,A
161,3.407312177120639,4.219903000842925,A
162,1.3875946757792734,0.6977609591911793,A
163,0.8621374009694233,3.1501159990696435,A
164,0.37220128929069174,0.9812597503063608,A
165,1.9508718061721235,4.848243646151518,A
166,0.3256379426799394,2.413302774768118,B
167,4.338773194080809,2.6798117899260876,A
168,4.121373989936129,0.15720643777001997,A
169,3.0340251980284894,0.7006715716255757,B
170,2.03025149752531,3.8626232876819295,B
171,2.3926893949959234,4.7338505049836295,A
172,1.5681623714365016,1.684397012126353,B
173,4.756008363567406,0.032914446845279666,B
174,1.6548094725623375,0.7080437512389826,A
175,2.559814561789899,1.6585864050297046,A
176,0.7941292994419047,4.164719080235181,A
177,2.5709653795312115,0.4946106964152186,A
178,4.217070888007604,0.8612416663872208,B
179,3.8173101969113694,4.834988677735837,B
180,3.7351476770689302,3.571838025787613,B
181,1.2909500709486388,1.7857684970682786,A
182,4.204158742654215,2.4223359447787765,A
183,2.7296360545340734,0.2563705404451522,B
184,3.796588585844749,3.9652156736049693,A
185,3.504450186953986,0.9998603852120597,B
186,2.2955626855885325,2.766841109392278,A
187,4.012345364589805,0.8483058951916178,A
188,3.3823098757394527,3.0381222968468586,B
189,1.7585974904906987,4.688827960959055,B
190,0.963888297688828,0.709496907568794,B
191,2.9047009351692212,2.541216274293606,A
192,4.122911969016566,3.3898316862815525,A
193,3.486939864418815,1.5894980518833628,B
194,3.3811953352509883,0.9687552861625726,B
195,1.6648198766611866,3.8680730244079737,A
196,2.2212476489148623,1.4275567474051032,B
197,0.3332463405314995,1.1389167645857046,B
198,3.4040249242793417,4.3262579711565055,A
199,4.092650695297265,2.0161845629891744,A
200,2.6187718218518645,1.383762023995963,B
201,1.7248198497083416,3.60736890028174,B
202,4.744742014710695,2.7195471157796733,B
203,0.9677017958779849,2.5686709094061766,A
204,2.7659905379490852,3.924063151150338,B
205,3.258306780546495,4.168338322923326,B
206,4.0571663110469895,0.18985066220999158,A
207,1.295271575792687,4.124488532333808,B
208,3.835359944819751,1.2921408004074193,A
209,4.2500233009984845,0.7646842296170547,A
210,4.5802684814246515,1.5803623646204035,A
211,1.9236430007473588,0.5566062297065438,B
212,3.567107000218461,4.539586023197245,B
213,2.23543706083325,4.3647988062849805,B
214,2.030841583270944,3.1129529800647844,B
215,4.900000339793383,0.6719546860298542,B
216,4.688745246588398,0.04629973360028017,B
217,2.4946942084567074,0.2362563160374337,A
218,1.7156077532408314,0.9389496173978623,B
219,1.3983822741414786,4.713345170964566,B
220,1.0631713399655685,4.262625205950677,A
221,4.199859236086783,4.623258634684675,A
222,2.4128212752367935,1.152858167375666,A
223,2.5264535046413092,0.5823417450577895,B
224,3.0202856278327097,1.5348866216091466,B
225,1.7449929778094786,2.434535132453291,B
226,4.556840481571571,1.6338613504595738,B
227,4.588781561855541,1.6429896252731535,A
228,0.039546527006772414,0.6259511669934203,A
229,3.898978284899685,0.0037213175587025304,B
230,2.92991966679406,4.073272748529293,A
231,4.9231415621126455,4.698209353035186,B
232,3.3963733849364175,2.9091841326038392,A
233,3.312567515880329,3.4986613160451894,B
234,0.7751527527641272,1.977873756407253,B
235,2.648247278465561,4.309598373276373,A
236,3.537570819750193,4.960119435386124,B
237,2.9048831577077996,2.966905826999105,A
238,4.987591533126182,1.9160238176610993,A
239,2.888679897506743,2.9653442435346977,A
240,0.20141978308515052,0.3771901126009436,B
241,0.4765581438241312,4.157845385572683,B
242,4.535471000483619,4.9013694309363585,A
243,0.235069377907125,3.9424089587677704,B
244,0.15317277147929131,4.291035632230785,A
245,0.379137112129192,0.47681908588675714,B
246,4.915010523799098,4.5710078854378375,B
247,2.7735142412840634,2.3189594146199544,B
248,0.8168847773755555,1.5930422289195811,A
249,0.434008590414251,2.357260547204315,B
250,1.109819575005662,2.747351080197041,B
251,3.481818898746879,4.724951430658513,B
252,0.7249498275708499,4.764153291810328,A
253,4.267246865465754,2.8645039477529095,A
254,0.47028572377470157,0.032086560954819876,B
255,3.0477077854471757,1.7910033402960057,B
256,2.8440459634117743,2.000526743084843,B
257,3.4041760394726546,0.18132897598954534,A
258,4.59086938273615,3.9934597172943738,A
259,0.8634843559856026,4.241065508510667,A
260,4.458060391186484,2.2632209294509984,A
261,4.767906682270928,3.8458167869244626,A
262,2.6365908645223306,0.2688008977755413,A
263,2.297126314995775,4.712266052193769,B
264,0.5819871494515177,0.48054617723259974,A
265,1.3953657564076831,4.263242242116073,A
266,1.049006215060035,2.135492975747562,A
267,4.363593151805833,1.8519371979551384,A
268,2.2524867489751355,1.7824884694437442,A
269,1.418373065480873,2.103227957365459,A
270,0.03780043257878618,3.686395672088978,B
271,0.7502688974544797,2.318384725206223,B
272,3.232265017024632,1.0522243701032474,B
273,0.8792561057389953,0.6259100262494899,A
274,4.1575525979830354,3.098183179374576,A
275,0.5751181226487417,1.274723249911986,B
276,3.0497537027043236,1.2076182072974357,B
277,4.1887774183298125,4.2356950515378,A
278,4.140802231789577,2.9966144227883422,A
279,3.933031044164583,2.06097433786534,B
280,3.054877176550262,3.6059712462887235,B
281,1.2683634528631753,0.851259547310772,A
282,3.559775682115978,4.666286948808226,A
283,2.4198098224874167,1.495432239835246,A
284,2.6131416795504645,0.08015963712678098,B
285,0.28104966531830144,4.696717572018254,A
286,2.531337033744106,1.525363681211569,B
287,4.069641345033607,1.7430037087416599,A
288,2.2956938545389356,4.085159829332194,B
289,4.372201475401886,1.659974234517344,B
290,4.3845736316975294,0.5081088386720811,B
291,2.339280092469655,1.2616187859062404,B
292,1.5987332532126892,2.0002955948099648,A
293,0.2686373837038797,4.960040225743483,A
294,0.9691359126913873,0.9485300249394296,A
295,3.294913112079837,4.368845466506775,B
296,1.2027051949157197,2.3359545908131354,B
297,2.5570147822576534,4.807161384430008,B
298,3.255940669715494,4.2939294087919935,B
299,1.1366758250431097,1.1456386843835724,B
300,3.018754241047465,1.5898186437566646,B
301,3.5676046886688755,0.37259762554334663,A
302,3.3492293339453156,4.5152218015997505,B
303,0.4415772019911457,1.0811851479137542,B
304,1.4367648434997915,4.389639900377787,B
305,2.269251664092553,0.5932629796997319,B
306,2.600203895137494,0.869702910639164,A
307,0.2796877315200108,2.0302520638175494,A
308,0.9503658462410419,3.2551067228388386,A
309,4.057877960814442,4.9806145246952855,B
310,1.2322893316734684,3.5101601754756055,B
311,3.5816039873741934,0.552002167972841,A
312,4.887874145707805,0.6001928259317785,A
313,2.437606020060055,0.0906509357678037,B
314,4.796277876009697,1.032133748573949,A
315,1.1961071982668792,3.7017250814844402,B
316,0.9544707975980793,3.848308109026364,B
317,3.4857516799004,4.211384555763588,B
318,0.9461215562997155,4.270063029004255,B
319,0.030581452005614684,2.6963474573035526,B
320,2.3728974308591964,4.281598480793235,A
321,0.7253292901252956,3.722078838672587,B
322,4.510087360448879,1.1767366553401637,B
323,2.282973472608596,1.910118264797872,A
324,0.33097053040894886,4.661313623097234,B
325,2.2990100261594097,4.758581778646479,B
326,2.4895142308874614,0.8549801785932382,A
327,0.30196986577564366,2.507120135767154,B
328,3.733652208237626,2.3913437964196023,B
329,3.4223266801420786,3.934602376193705,A
330,4.886585327029439,4.687185367660235,A
331,2.751193277770719,0.5203973307397353,A
332,3.5989830512549674,1.5508597476823394,B
333,2.160944020227045,0.077626989332934,B
334,1.6316516537017511,0.29243787430482726,B
335,3.405803293560795,4.031767863447252,B
336,0.40841935240256366,1.7917883209927092,B
337,1.7830822021280595,4.096190899807471,B
338,2.628320895405575,2.9322534180892457,A
339,2.9682780748108724,4.1897947911405495,B
340,1.1484937402908046,3.206725978815503,B
341,4.4478181905489915,1.4773902486731112,A
342,4.725598425407741,2.4735753516948593,B
343,3.8398502037359212,0.04847139197416195,A
344,1.0929345923250566,3.0416028609785197,B
345,0.7076160955744287,1.669656984919874,A
346,0.24664750856036533,4.389228302864273,A
347,4.095741899105175,0.6894045550940797,A
348,0.2029297834752919,4.412027247568931,A
349,3.6536522843197163,0.16181918944620344,B
350,2.1424480094325244,4.799123955268012,A
351,2.4612379830030218,2.3549688752932987,A
352,3.180827458918661,0.056767335840397504,A
353,1.4689977734651753,3.5855242131351743,B
354,2.8309339736801373,3.934657522701141,B
355,0.3547961776777636,1.3289239899051992,B
356,0.6751224038933851,0.8188903331941666,A
357,4.763827616844562,2.7432014439623558,B
358,3.657977465855037,1.0950242105841541,B
359,4.943809947161185,3.901734263444356,A
360,0.36534916464768086,1.1758100744901108,A
361,1.5105241606103532,2.431846695080911,B
362,2.0967244221903547,2.382849601496898,A
363,3.7308020629122742,1.5027786324068488,A
364,1.3386546883810901,3.491911424138467,A
365,2.3339597102872216,1.4395573203831735,A
366,4.779995257972065,3.479779575982191,A
367,3.4260324223056395,0.25312327443570315,A
368,4.80727241094772,0.31143396889602215,A
369,1.6788942546093077,4.398508800233964,A
370,0.09285051259523391,0.32955148962772685,A
371,0.8600520389788263,1.7724100791365094,B
372,0.8222681873171361,3.6049786974013354,B
373,0.09647914983036188,4.963938406753836,B
374,2.6648528212439833,4.87392028410604,A
375,1.9976041619700364,1.2037219842151614,B
376,2.836426522393566,0.07228245392436772,B
377,4.647757019877933,3.1010492048627065,B
378,3.1881001142374648,0.7861374292354961,B
379,4.49663494419959,2.637721449579569,A
380,1.695106577708565,4.8564279204543865,B
381,0.47160824330403417,3.5840118293604526,A
382,2.09685216174057,3.5462199740109774,A
383,3.1500959988112798,2.558739982444525,B
384,1.0987137473526416,0.29883496019630806,B
385,4.4719751286085065,0.9833810108066593,B
386,1.7495271894361624,2.6422315020938014,A
387,0.5061892993420131,1.8577052395571276,B
388,0.0691058924784782,2.9894835580597094,A
389,3.2413597733909545,1.866711894377161,A
390,3.448270414624597,4.0592913375765445,B
391,2.3310039275289847,1.6345329085286353,A
392,3.470635024855604,2.406211388319141,B
393,1.7366396697273945,0.7113435818741876,A
394,0.33904811489817555,3.1683578309403506,B
395,0.3926377083612037,4.291169847946418,A
396,4.199423342625904,4.487065460027692,A
397,3.3496449038075253,2.8076510744944705,B
398,4.573103826218313,3.2526258803535093,A
399,3.159597476405131,4.142815459111426,A
400,4.160932153614418,0.2136657179785978,A
401,1.3186474871748848,0.3296147652807846,B
402,4.871642383752839,1.8310011768680163,A
403,3.1970746227591116,2.6479228652846953,A
404,0.08159005458523105,0.8873645901307448,A
405,4.268588095531809,0.931886940390389,A
406,1.5233907125616404,2.0346893933414147,A
407,3.523204483951922,0.0040714462636709525,A
408,4.082499305222656,2.5142561679157716,B
409,2.0260547070324106,4.315737753527693,A
410,2.7236523873013017,4.914807513763887,B
411,3.680722091926251,1.7068066176306402,B
412,4.75450954501564,4.30789946103826,B
413,4.095631194607382,1.2164908881508492,B
414,0.261356544460864,0.8433088301039249,A
415,0.08138992535893674,4.752982792663268,B
416,0.7235272170001861,4.959393363044055,B
417,1.9587463574967363,2.5504344916878834,B
418,1.356208561090393,1.4737064427097746,A
419,4.525926705678344,0.6298648453889677,A
420,4.840576462669505,4.351336404051004,A
421,2.328503111732023,1.5960820359639065,A
422,0.012956237255271064,4.070014200292779,B
423,3.2978044986482664,4.7909826614372815,B
424,1.2996112114464209,4.154454493823987,B
425,3.308775822277247,0.2835389720896442,B
426,3.7985923821461576,2.681177941976939,A
427,3.231972679022696,3.783548451532174,A
428,4.330506217795513,3.1228797165184004,A
429,4.45824669632245,3.408829526028918,B
430,2.9587059117347585,4.43207936158374,B
431,4.949229199805778,4.915469592195125,B
432,2.3380602881266506,3.1677106047479926,B
433,0.9626812487919956,4.238036544116836,B
434,4.421863699692668,3.001447555060551,B
435,4.185876097992491,3.2207134666670516,A
436,2.398552552706716,1.9998595225769022,B
437,1.5708331300330092,0.34072697371117233,A
438,0.9102990300217745,1.157018064621453,B
439,3.2478039083461994,4.422137150477162,A
440,4.387267416454648,0.01853650383129457,A
441,2.0452456217830544,0.4689348715380437,A
442,4.563942740098821,0.012065595309727062,A
443,1.0335442562067891,4.051189594012198,B
444,2.257010698176595,2.581417256403287,A
445,0.4892479121269816,2.5397343595645805,A
446,0.45649934291852823,4.8081075899896,A
447,2.847850222861527,2.739596524693731,B
448,3.95121715922832,1.4919073583617382,B
449,0.22904067807967776,2.089244129957668,A
450,4.030860771352507,3.1955045081112172,B
451,4.20442761558414,1.348661485375941,B
452,2.919348760542207,4.118493236219073,A
453,0.35795349679912214,0.3744471658959536,A
454,3.349375319906,3.3156482118060353,B
455,2.5142816262682963,4.948173809958853,B
456,1.042952517114426,1.1552282889072925,B
457,0.1310165430729382,0.6295353949743698,B
458,4.026950170971392,4.884375319240205,A
459,0.32051340296578135,3.7135016898503577,A
460,0.268345370629538,0.17277942790571488,A
461,4.415755042865073,4.846379749494175,A
462,1.626785041521267,1.3823763972223087,A
463,4.138382859563584,4.564295953415926,A
464,1.128106136010446,2.501319506138073,B
465,2.6587691081042903,2.8939686454088664,A
466,4.611176331251264,4.027658022783403,A
467,1.3238994139275406,0.527273146491305,A
468,3.9428186402553327,0.33424301483015395,B
469,1.636515774874276,3.837666864421929,B
470,2.39739328153111,2.857874132581352,A
471,0.2629011777924378,0.7985005418101804,B
472,4.893751755271987,2.704472486506437,A
473,4.708962320920001,4.7721139315717025,A
474,0.6409972938601938,0.9833299611521745,B
475,4.123660305354762,1.1955567317698983,B
476,2.0351111821792394,0.857600722746153,A
477,3.630677808025469,1.3821132638412725,A
478,1.109804559832272,1.5532877990874776,A
479,4.470387639364845,2.1178783053426375,A
480,4.410457238094492,1.9654678386557556,B
481,3.855437869820861,2.5870450508755494,B
482,0.829143913449959,4.7507480863891205,B
483,2.1510894763375514,3.6691445172534793,B
484,4.809973160355175,0.6388810880542395,A
485,4.8447397758982556,2.06038919922815,A
486,1.7942431333844806,1.1450417545002722,B
487,4.7117239587839235,4.364368843847698,A
488,2.325683076510861,4.043777303434806,A
489,4.340499825774723,1.0079890403684122,B
490,0.7417565011976318,3.596472913489248,B
491,0.3885072046826854,4.239825084676678,A
492,1.306733771165565,3.429168635655107,B
493,3.121944318595742,1.4177095439751897,A
494,4.100723775684113,2.6506807873733393,B
495,3.0275409149841046,3.917026991874264,B
496,2.3220009057141806,3.540563015159617,B
497,4.891958229277713,3.0515216724451704,B
498,4.612991487084521,2.7062678728003235,B
499,1.5183525336103842,3.0114125057781815,B
500,0.1774626863966705,2.841956523838401,A
501,0.5696957307134981,1.6132812080697378,B
502,2.9324669213644206,4.731143073813235,A
503,2.6754721722249526,3.768842826673573,B
504,2.8097968225550822,3.410906904168871,A
505,0.5050679986778495,1.7843959876104298,A
506,2.991436785824005,3.7522625301723203,B
507,0.48430008880025466,1.6137163094825258,B
508,0.5791167695445831,2.5015813052409834,B
509,0.41445311756855174,2.8309331735482623,A
510,3.298506441442936,4.2348889126489695,B
511,4.163908661355209,1.9836540966453202,A
512,1.198535952280941,0.9200212112365747,A
513,2.6697722272858737,1.669711718904624,B
514,2.4405076061098945,2.6026266841728103,A
515,3.3983218662183745,3.147935946962715,A
516,3.5601105784201743,3.695257208151558,B
517,2.3404725251181984,0.10771815235694093,B
518,1.355448583243719,2.2951576270369873,A
519,1.856976451411179,1.8819943974212539,B
520,2.1328153556124723,4.2649950665831176,A
521,1.0818364076647176,0.6452287803533618,B
522,4.367694573214052,0.761523109220214,B
523,0.08510177588869516,4.030019384372523,A
524,3.965751367605406,4.57078740912943,A
525,4.552359099064463,0.25235655436415094,B
526,2.609592412160736,0.7192648831022297,A
527,3.4804139885667635,4.402262634152271,A
528,0.1097380761652561,1.111067299285979,A
529,4.548550098868602,0.6324482949915183,B
530,2.788706577351009,0.6648074461250408,B
531,0.6329528209490415,2.4807182467950675,B
532,2.209661444835,0.5577300234615606,A
533,0.600739310955764,4.799272411147863,B
534,2.2778571315888687,0.6755623459043736,A
535,0.33285496475894183,2.9332081277146327,A
536,4.522699476967771,1.9412168760355701,A
537,3.37875590949381,3.5838598787347626,B
538,4.513544424315493,4.547569674605077,B
539,4.080253672817655,4.180724693892429,A
540,2.8153022379301658,4.699119374886945,A
541,4.624505013126566,1.3493759503603515,A
542,0.8043249337125175,1.5803450209483287,B
543,0.21431767139797442,3.9208471971675696,A
544,1.0089503427942492,4.1937660863780115,B
545,3.1794895049555243,2.603004078567357,B
546,2.0246024303506793,1.149920675882078,A
547,2.268376934002123,4.11129229312855,B
548,1.878243270723567,1.5893680088917461,B
549,3.053968969586234,2.5475482151472635,A
550,3.8565559704931514,3.568450945044355,B
551,2.656197660323615,1.6512048300820465,A
552,4.79270253928012,1.3952754244566823,A
553,2.0400672909021367,0.42066081166892866,B
554,2.9906973721581585,0.3125130708962265,A
555,1.7755203641178396,1.6104901827854028,B
556,2.492951385340695,2.1032238684282683,B
557,2.641146842803436,1.3102167835728873,B
558,3.1397581170038933,1.6927490808381973,A
559,3.389055716828721,1.3433773377061624,B
560,2.465203768749177,2.9923668613126555,B
561,0.00217287337637595,1.9995562244132787,A
562,0.23584970053845522,0.22721859058628002,B
563,3.890149036598955,2.0015427071535976,A
564,0.2274764071928892,2.320775727326852,B
565,4.098829317735601,4.936566062315533,B
566,4.398856874680704,0.5259714127784265,A
567,3.05054714278795,1.5309185324392334,A
568,4.546663291979712,2.798225406666402,B
569,2.683295911378928,4.56630901648365,A
570,0.41465143825527684,2.7379889078562507,A
571,4.304168131261578,3.9494985710991486,B
572,3.405724991036236,4.135313612036528,A
573,0.44479289751397977,1.2483466783301793,A
574,4.4075979735675,0.08193851571578592,B
575,2.84809978530334,1.9220899837439465,A
576,0.2695342754409241,1.0861454866596254,A
577,1.0895428178365334,0.3542010686775182,B
578,0.9557073181761705,0.855699132492056,A
579,2.23169999658579,3.5731944500081636,B
580,2.5789356405516424,2.1216803254701544,B
581,3.881558163763196,2.51933775435317,A
582,2.097181838953646,1.0806036367145495,A
583,0.006520904587420384,4.397210734186059,B
584,0.11655353135695601,3.711716330177812,B
585,3.7141717119751942,3.031382344895241,A
586,2.926557242819942,4.526845258146469,A
587,4.154990115638075,4.721066607846679,B
588,3.727798174736208,3.876572686729474,B
589,4.1225625970816155,0.8963084347586736,A
590,2.891391553650106,0.9734440708300535,B
591,3.6003662998522983,4.12237936066614,A
592,2.0737468764130713,3.580961477155772,A
593,1.4008164600364204,4.654881349877445,A
594,0.7299928516792747,3.1092175504798254,A
595,0.09406561256170676,3.572270636766123,A
596,3.442739681641765,4.001308244929075,A
597,3.5812932704821603,0.17304583016574504,A
598,1.007130108448437,2.6321562313299305,B
599,2.2999941082309787,4.140418253094582,B
600,4.573278358415537,2.049173418190398,B
601,3.513440508003148,3.2445928453037842,A
602,1.4570416969538824,3.885963233564081,B
603,0.1004384697142302,2.4828252366074643,B
604,0.23425889260666077,1.4704390699189336,B
605,3.4251219859892346,3.7889217819325016,A
606,1.7179660399029384,4.643375365391083,A
607,1.2001875404293156,4.869246335195289,A
608,0.4321765255211396,3.1112084890348823,B
609,0.7635083128047748,4.939895998145699,B
610,4.078965041656401,4.200270022067388,B
611,4.819366695962729,2.7442578602378127,B
612,0.6653085869019792,2.6626145088335003,B
613,2.862753058925904,2.194953132388069,B
614,1.4343690812482794,4.066210039907116,A
615,3.71494648970536,2.4388797576469976,B
616,0.4037390296502519,0.8989016371471753,A
617,3.6519833469103298,0.4333251284450129,A
618,1.9547676357471333,1.2578339479524052,B
619,0.6594543475047193,1.5142515409400537,B
620,0.2582065525499039,3.4709952175056262,B
621,0.6179568620548415,1.8658040370711648,B
622,1.351517898642518,4.58786582052486,B
623,4.048046769225417,2.0430014776765493,B
624,1.7062984325073416,1.654799405312895,A
625,3.3407369329287033,4.736462771636218,A
626,4.233291996808864,3.243660887707053,B
627,0.9066997284655648,1.0434323107220556,A
628,4.982215449397272,4.951119323740248,A
629,1.0965090671010418,2.800427323461752,A
630,4.331789012126867,1.0394296534151075,B
631,0.5128199867863986,2.7615736532453408,B
632,0.36827700107872563,4.116931912284805,B
633,1.0300920832346754,3.1911825496177086,B
634,2.6195496930675324,4.715583238559745,B
635,0.10224877460004944,4.440071718589095,B
636,4.059033584106537,2.2486260139178067,B
637,2.5664716653782578,1.260795398280976,A
638,4.982098627679036,4.710324167973961,A
639,1.3731244901149753,4.212125763619637,B
640,0.5050909599466757,2.9190851359251484,B
641,1.0167329649307533,3.9286196133642157,A
642,1.002242763919266,1.0652731942938654,B
643,3.111521147806589,0.9910983197771295,B
644,3.3436499684106162,4.926806742972177,B
645,3.8720284146428954,3.5190372144260955,A
646,1.8159504208669701,3.3793045416269143,B
647,2.3703982869074443,2.590169328921257,A
648,4.875010090161689,1.1030086118582711,B
649,2.234610797502093,2.5467949691427045,B
650,1.0153347022136123,3.4114926789480733,A
651,4.0870277003742705,3.6356526799492963,B
652,2.6962640705209715,1.4286248265739925,A
653,4.923064762526646,0.9866951498329846,B
654,1.123608843512598,0.8341029085268636,A
655,4.230307580813753,1.1763495804956914,A
656,1.8019733909726188,2.8188056974607605,B
657,2.7362943180492856,2.4995431872544853,B
658,2.5112534528604282,4.6321055326841,B
659,3.4590134547935882,3.068264921371683,A
660,4.64480767531688,1.4215134093930644,B
661,0.4529664125997429,3.362257100640286,A
662,2.314735911359416,3.8030116189323113,B
663,4.5770697692068065,2.5478246524687576,A
664,1.8574565856388903,4.625108164660102,A
665,0.5907548451766997,4.772730315111367,B
666,1.0046727718266046,2.7520658797426325,B
667,4.14884427972645,4.619117436808789,A
668,2.8382473946549034,1.2040551587565456,B
669,3.777889217118836,0.7636511496768089,A
670,2.0466270688849386,4.614774609037836,A
671,3.1242607532238553,0.19376107166076906,B
672,2.251030477786908,2.5279237319009837,B
673,1.2181267987452111,4.565779952797232,A
674,1.2218468841643149,3.1063105462553198,B
675,1.5656136643113432,1.2093214361809297,B
676,2.2036187626185026,1.0451885189326438,B
677,2.5333131794172092,1.397657630259438,A
678,3.69092642124148,4.0367556408365255,A
679,1.0816213186636352,2.371516961067802,A
680,2.269280125604882,4.370020125228351,A
681,2.806854786045518,4.435919919737916,A
682,3.86767305098255,0.40124395588314377,B
683,3.7230636790507132,4.649739917316954,A
684,2.2515882687823985,2.686499858508829,A
685,1.3308915530502126,3.89647552163191,B
686,1.7739613152569151,4.996455497567612,A
687,1.1430494740498864,1.2591237500475811,A
688,1.7529578502658916,2.9256820326141137,B
689,0.9764361629349377,1.0209303119948947,A
690,1.3301847109154208,2.610556530041011,B
691,2.320567453717018,2.4972770060225717,A
692,2.352350234417735,4.891871560688962,B
693,0.12490567178797873,3.4308544040094624,A
694,4.767154478889074,1.3396572926096018,A
695,2.0502811890321144,2.2930597026185353,B
696,1.418229364030894,4.00037440648408,B
697,1.1880114902524275,1.949296892292346,A
698,1.621591487228401,3.592542891167865,B
699,2.0684584140287576,4.085643998072165,A
700,3.6879897804302497,2.5914612875519834,B
701,4.604711250058779,0.916905288716427,A
702,0.7641381284281595,1.4283748765410464,A
703,3.610147729476659,1.5708161577555586,B
704,0.747927153362194,1.5879543924491206,A
705,0.6490912680692684,3.7556845886630614,B
706,1.6914198541133718,1.1413143028908457,A
707,0.8697491503256893,4.556551210636977,A
708,0.42287990519313867,4.602721295675266,B
709,3.8908283094559777,2.1058538686882122,B
710,1.0534850446233572,4.267765627281765,A
711,2.2809341268120047,1.3589367500735294,B
712,0.5783069798415402,2.5387512216805206,A
713,3.2429818189425346,0.5481953376817661,A
714,1.8028129986692998,1.4877149133040675,A
715,4.288989144831849,4.905474359859277,B
716,2.130146683369352,4.859065013678359,B
717,2.393786979013032,2.893662977134067,B
718,3.240477965999383,4.535571983908678,B
719,0.0901245828324132,0.40808955431414606,A
720,0.3476663020997034,0.7100842240969274,A
721,0.5076403850859929,3.868582930065254,B
722,4.119957997347352,4.602634541345655,A
723,2.8476366524632235,4.154584564700447,A
724,2.6589948603122657,2.658533271629924,B
725,1.7748548720286266,2.0234614511890547,A
726,0.6610464383101916,4.574682885909654,A
727,0.2267363069634437,0.7488661686970621,B
728,0.7938939317530097,1.9988264654492967,B
729,2.981795712548412,3.904769141935354,A
730,1.0568180936983762,3.730436717850786,A
731,0.3398831950111725,2.964034884395257,A
732,2.3886966026557093,4.706074150402832,B
733,2.439424242944514,3.452602915180921,B
734,0.7946045521091721,4.665579526251866,A
735,0.8167146178197537,2.5050943158031287,B
736,3.239903684605742,4.111372507506184,A
737,2.885656906854837,2.626125393034775,B
738,0.649690233188428,0.884703104898294,A
739,2.9008990039283074,3.420561885245898,A
740,1.2972680339823133,0.05418296648684373,B
741,0.8469133098270981,4.789841672794862,B
742,2.997373636558561,0.8079807552078072,B
743,3.6185666720699166,2.117554999733451,B
744,0.6058022817475694,2.7406136674523256,B
745,0.5703532309161308,3.047807068557554,B
746,1.860587089314576,0.2253516890247964,B
747,2.336931836101786,4.127743021726512,B
748,2.0525131412852837,1.4693081905478196,B
749,0.24336655162547072,3.603533844924603,A
750,0.018570387364099106,3.6765790514820704,A
751,3.4301917251808893,1.7432809808022975,B
752,1.2860686751043438,0.7455605002758381,B
753,1.7897576004679538,3.8022567718085125,B
754,3.993576064216755,0.737720250762916,A
755,1.3785581677345689,0.3326891064270787,A
756,2.654949292168162,0.7277052311810012,A
757,4.135148037319328,3.956886331283191,A
758,2.470338028317287,2.5175254610320357,B
759,1.753131224623793,2.5675330021238474,B
760,2.2803373548291637,1.5533556416699612,A
761,0.058904814370979164,3.954377808510692,A
762,4.359425905045591,2.0230959673370297,A
763,1.3315014096516609,4.714282217656238,B
764,2.399587058941023,2.6924247741987934,A
765,1.8616605296250937,0.6708696120601088,B
766,4.6561937176855475,3.7834499014228884,B
767,2.580604099645521,4.760102234774447,B
768,4.300439587912966,1.7962423808300838,B
769,3.803625569604118,4.530138305787551,B
770,4.798818900569733,4.622446630169114,B
771,1.134528360628984,1.5484726531360482,B
772,4.622887762920158,0.6609160474426645,B
773,0.1247935213281115,2.8459490424345235,B
774,0.6959539814001059,4.878980687832296,B
775,1.2401129736011807,4.969504012751083,B
776,2.6332060170443397,2.309446823325117,A
777,3.981013910701818,2.0624484559484193,B
778,3.820188376423,2.947038938773418,A
779,1.7687805486840347,1.737591494243718,B
780,2.8768976514919316,1.4714237614049446,B
781,4.721418465198919,3.7831426871773406,B
782,2.9626069632055163,2.0395592775024927,A
783,2.4427893077767813,3.3746902887573826,A
784,0.6481705520165554,1.2911607578076945,A
785,1.7501295262380094,1.8936944811373113,B
786,1.2081510035462744,1.053498719192116,A
787,0.5023588499328518,0.6419025495110703,A
788,1.0231176018474137,2.0857788946799833,B
789,3.6716827705791055,1.3824273411719745,A
790,3.048984664996281,4.5346893584267605,B
791,3.0743486332006635,3.4467737373741665,B
792,1.5673429285097344,1.0216163086511405,B
793,2.8571949945445922,3.9877125862157534,B
794,4.030968870911209,1.7910892684575903,A
795,1.0713733745729814,4.8513438087664165,A
796,0.5358996823469803,1.0512671437270842,B
797,3.6015260054908915,0.4273213543350446,B
798,1.7044444190842327,0.8832895949594977,B
799,2.5407155605216576,4.960963988239564,B
800,0.30744378156537633,0.7467022683790436,B
801,1.1760526194986438,2.8649192618175507,B
802,2.5875514562779607,3.323002991470308,B
803,3.0980782390577892,0.37940084357379555,A
804,2.5348297276811635,1.6241109406024101,A
805,2.3772300140249554,2.1214379522477333,A
806,1.205553586769987,4.18600545840669,A
807,4.04980454756405,2.407337836609715,A
808,2.974923562674129,2.7046183689743724,A
809,0.38627282951485487,0.5297872916033936,B
810,2.96082926617712,1.2620547620537281,A
811,4.85984507380023,3.2839155218410414,A
812,1.7368947342105923,3.621611930641885,A
813,1.394535961067337,2.9512345832663565,B
814,1.9180609456425053,2.054234148269196,B
815,3.811878606434707,3.407213987386955,B
816,0.9555352462193994,4.368408787737825,B
817,0.6639989370618277,4.7152843865915015,B
818,0.16769848698095946,4.276080448311919,B
819,2.3869588828106436,4.260365227236018,A
820,0.0672824159306773,2.9070842424516616,A
821,0.5110080929838129,1.885288310940767,A
822,0.8009263084314999,0.7886263983411529,B
823,3.647104683006035,0.3547706907427989,B
824,4.757354265458196,0.3509006100661227,A
825,1.154451669552009,0.04439898723330893,B
826,1.2043774910669898,4.464246144374827,A
827,2.2672766711395638,0.46859601007267715,A
828,0.44891167023062395,2.9019069041694943,A
829,4.222547796942334,3.0773816555813776,B
830,1.638252534265861,2.7287356123215623,A
831,1.5541852578614095,2.9817503942839405,B
832,3.0635799167099647,3.152280433870618,A
833,3.902442824202648,2.4827655028460778,A
834,2.493720922302349,4.251394170441672,A
835,1.649618527468677,0.7451643879436576,B
836,4.330387185532247,0.07208597234326541,A
837,4.227959199916874,4.207239136311881,B
838,3.326318844038289,3.5986148628573034,A
839,3.1967641188705507,4.9160467316143635,B
840,4.08231350194574,2.440758800265316,A
841,2.0993200079628793,1.2271384346546144,B
842,2.21002740560533,1.2361186847629213,B
843,1.1020839566979457,4.34392003042863,A
844,3.9049186996740612,0.12120107332889096,A
845,0.9247984570700923,4.617232097551375,A
846,2.2155565463116975,0.695238890143659,A
847,0.737556352681199,3.849506813346362,A
848,3.6657251153969423,0.3018426660619039,B
849,2.0000848628610193,3.531902764404873,A
850,3.0219495121808793,0.004990443075189033,B
851,3.781637168838862,4.372378008388936,A
852,4.520939745127941,2.0649574113627285,A
853,4.687237798406578,1.6106185551993106,B
854,3.437424784996242,4.588515812573077,B
855,4.698870570400792,3.90800931493632,B
856,0.7065304144330381,2.2666407904430477,A
857,0.2995466420928289,1.343314948710136,A
858,1.2217103313535849,2.453644341519255,B
859,3.714812630754172,0.1620521688854859,B
860,0.15620305427548886,2.832453370906345,B
861,1.5574089845491685,3.051638863148,A
862,0.4065725878068521,4.915401432770615,B
863,0.49708696233318417,1.9728854882086928,B
864,1.6731050593595842,1.0920209197112603,A
865,2.333220629250011,2.7913766224608647,A
866,1.7041296701937403,3.723126785427743,B
867,2.029867845303756,4.924621914282866,A
868,0.022757185571238847,0.5716878279909127,B
869,3.595709378179583,4.046327932300467,B
870,1.729733008766905,4.207606770472038,B
871,3.7414146602838287,3.4851188085014555,A
872,4.319008956682341,3.7259425121029994,B
873,2.0738544388722087,2.5411410344494656,A
874,4.231534281280328,2.7337825485659346,A
875,0.6109238686894453,3.6118772139523143,B
876,0.4520873938460873,4.5887097599584274,A
877,1.7187850196851662,3.0005251468712073,B
878,2.9298800685403488,0.9688023525151818,A
879,0.9256582077816561,2.978343030165667,A
880,3.3854508059112143,2.6253588689157015,B
881,1.2225763610472262,3.9080927178841844,A
882,0.7467628040906266,0.33999713288786315,B
883,0.35897874010762054,2.047748610770008,B
884,0.24974168666259178,2.839554393690701,B
885,2.2820827128906234,3.887951900603446,A
886,2.7660266126522264,4.210675635151457,B
887,2.915891099043433,1.4027395516507135,A
888,1.7260826013971124,4.788818644740131,A
889,3.158884143474051,2.678191838440414,B
890,1.8905049825004312,3.25638845452409,B
891,4.294955510954565,2.6695936701156024,A
892,2.8094286350233206,4.792588866644311,B
893,1.9914407203253122,4.599469581803946,A
894,3.4038025630274813,2.801425292130437,A
895,3.3348083686742203,4.392187350142552,A
896,3.3082506815329977,3.8675949261355824,B
897,2.5875866015651794,2.911528739860537,B
898,3.1889005528923082,0.6493377459100846,B
899,0.546502686695447,0.09696853601202815,B
900,2.164916176285966,2.38887493338157,B
901,4.831337540232082,4.3765123252019285,B
902,4.616235973481361,3.262390822954413,A
903,4.186556218679859,3.4811418631388418,A
904,1.319800993983813,0.4363267420613276,A
905,3.032557544427486,3.591990848517944,A
906,1.6330694213647012,4.978265966554598,B
907,3.363679299391486,2.942759676054485,B
908,0.3673826064410435,4.601652843676965,A
909,4.305984100793009,2.0675575731999722,B
910,2.7021487370308233,2.2390416301884306,B
911,2.8993559035556293,4.405892753331161,A
912,1.4178855084225668,1.8271053325917546,B
913,3.5221481834092168,2.4971100982370755,A
914,2.755377619515757,4.8594081333668235,A
915,3.5269037302666613,1.819198138837278,A
916,2.8008797871946918,2.9094797996596995,A
917,1.9239829060067586,1.1777712954794972,B
918,4.182167825141715,1.062856251194522,A
919,4.871453083851039,3.53205663644963,B
920,1.5945747072463017,4.862949876839467,B
921,4.06162985442934,3.768485362799093,B
922,0.9882434185892774,4.3656445161930355,B
923,2.8617956257899753,0.9224709230750833,A
924,4.7798469184653865,0.06408039831060197,B
925,0.1838727055399053,1.9238629267418461,A
926,2.548521985713042,0.028739098601395785,B
927,2.0027326508111374,2.78356353215186,B
928,3.6303237110482516,2.4308776992376853,A
929,3.3130295346901892,2.8380429063974537,A
930,0.7676046676717596,3.4389363363641094,B
931,2.4249513317129394,1.6033865353400745,A
932,1.291452324075673,3.1678522480917137,B
933,2.491719918755529,4.862195012689721,A
934,2.111762258470951,2.9292600054523183,B
935,3.3384087618814813,1.763709638664452,B
936,3.6808038997178394,4.60094001660904,B
937,3.261737048861276,2.431534978115883,B
938,4.26120296262881,2.293118126597811,A
939,0.12908879784275296,1.2403980341358105,A
940,0.9607198323517263,3.1407663794946834,A
941,3.9543853965165097,4.668339854413803,A
942,2.353209571269297,0.24000965074251257,B
943,2.2044382915353147,4.324420488257381,B
944,4.537997846442638,2.166438384596458,B
945,1.4754349371350006,1.4753884356748526,A
946,3.9204742430872814,3.7741691934846058,B
947,1.8086210941642595,2.236845058891246,B
948,3.9753493955583528,0.01976262551578345,B
949,2.8838659779138864,1.8456477423962507,B
950,0.48807616070655035,0.9637890885527783,B
951,4.567495451177373,3.0597731830931507,A
952,3.05536859071656,1.8263631901298472,B
953,2.690169361349742,3.278669465887644,B
954,2.192668798957253,4.162543845717961,A
955,2.2876019273934745,1.374215373186281,A
956,4.74705490557184,0.0765172684782256,A
957,3.7591625223734,4.107575409178478,A
958,3.2782520544191938,4.798178678725359,A
959,0.916395110472823,1.1628533399948582,A
960,1.9649909737139164,4.96266106612762,A
961,2.003569634704907,3.0184221601547607,B
962,1.2846369922887835,3.8805223906364428,B
963,0.23707058258576996,0.6830185121405447,A
964,4.377855460581862,3.061724220007465,B
965,2.936339604647804,3.5622154679767775,A
966,2.6296857571810976,3.2028003093163253,A
967,3.5442642329430574,3.9110279826052645,A
968,4.9498518903107405,1.1523930269731313,A
969,4.831722550595537,3.2739232444757205,A
970,1.7581956714108593,1.3017826745514183,B
971,1.2936364461172905,2.471634765304813,A
972,1.5480971864327886,4.806312199996648,A
973,2.07253324428569,2.6748301061555075,B
974,2.4913279520777856,0.036686634989636646,A
975,0.5129290000573278,1.3828561629486251,B
976,1.9192378909834922,3.39543757035166,A
977,2.710891409170345,4.95846814411607,A
978,3.0666106481879822,3.516879278539938,B
979,4.1482016412002025,4.587766591991173,B
980,3.153006370137156,4.928118410434736,A
981,1.5890926497907332,3.8588705198851647,B
982,4.039697594645521,3.2948346460033844,A
983,1.4856861253078697,4.570728817750523,A
984,0.20272842162360583,3.520032400439819,A
985,0.7079224351188618,2.1340447138676675,B
986,0.29494943544229324,3.1296076492928133,A
987,1.2993290769283716,3.306887744479807,A
988,0.45365741938319604,4.013213194952729,B
989,4.808681560731679,2.074834917754192,A
990,1.283048131800436,1.8540082279188947,A
991,1.075755236092717,0.10349456545817592,B
992,3.3486272905413643,3.076155863352597,B
993,4.593139290552257,1.4652306845865222,B
994,0.35850202962914135,4.171529020040924,B
995,4.758860626221853,0.4507564480126236,A
996,4.498577943183513,2.702329252515499,A
997,2.3312569363671445,1.0314171632403302,A
998,4.123115390987634,4.538311000224021,A
999,1.9776553986849228,1.1917931046267327,A
1000,0.7125655656915519,0.8042792562842987,A
